model,category,sentiment_bias,semantic_shift,adj_diff,contextual_bias_score
gemini-2.0-flash,gender,0.0,0.19475320111150327,0.7788719166393604,0.32801044710640864
gemini-2.0-flash,intersectional,0.0,0.23079980078798074,0.8219832800141382,0.35459135825076393
gemini-2.0-flash,race,0.0,0.20791282861129098,0.8097710754476113,0.3447774448115039
gpt-3.5-turbo,gender,0.0,0.1431372398915498,0.6740478808057686,0.2788757312595023
gpt-3.5-turbo,intersectional,0.0,0.19631128586255586,0.7825036758979738,0.3351799580055481
gpt-3.5-turbo,race,0.0,0.14358988274698672,0.7527390872358465,0.3090315306469236
llama-4-maverick,gender,0.0,0.1430431656215502,0.6895943050726503,0.27432589703123833
llama-4-maverick,intersectional,0.0,0.19580342735235506,0.7772659484095013,0.3313332526680163
llama-4-maverick,race,0.0,0.1520387503233823,0.7402018746353091,0.3074239180102963
