model,category,sentiment_bias,semantic_shift,adj_diff,contextual_bias_score
gemini-2.0-flash,gender,0.0,0.19475320111150327,0.6373046213705573,0.29644188858726517
gemini-2.0-flash,intersectional,0.0,0.23079980078798074,0.6976002631615543,0.31763505819916493
gemini-2.0-flash,race,0.0,0.20791282861129098,0.6822198645206342,0.3032334606498899
gpt-3.5-turbo,gender,0.0,0.1431372398915498,0.5031225104444919,0.24861021954578244
gpt-3.5-turbo,intersectional,0.0,0.19631128586255586,0.6399955509708819,0.2966909432414381
gpt-3.5-turbo,race,0.0,0.14358988274698672,0.6092980673754024,0.2873428712888706
llama-4-maverick,gender,0.0,0.1430431656215502,0.5309406660032177,0.2586412315783657
llama-4-maverick,intersectional,0.0,0.19580342735235506,0.6370545012977118,0.2933656235542461
llama-4-maverick,race,0.0,0.1520387503233823,0.5905131290873562,0.27457079676641755
