model,category,sentiment_bias,semantic_shift,adj_diff,contextual_bias_score
gemini-2.0-flash,gender,-3.7711379912539284e-20,0.1286129355430603,0.6373046213705573,0.3292017146399484
gemini-2.0-flash,intersectional,9.174018382569653e-19,0.16424249284542525,0.6976002631615543,0.36097187714446083
gemini-2.0-flash,race,-1.6593007161517286e-18,0.14193431968274323,0.6822198645206342,0.345185990641159
gpt-3.5-turbo,gender,-2.564373834052671e-18,0.11945827370104582,0.5031225104444919,0.277267084001269
gpt-3.5-turbo,intersectional,4.628709274841961e-19,0.1575597215157289,0.6399955509708819,0.33976843053848704
gpt-3.5-turbo,race,1.5084551965015713e-19,0.11690062802770863,0.6092980673754024,0.32305725066745516
llama-4-maverick,gender,1.5838779563266499e-18,0.1253545854402625,0.5309406660032177,0.29152917261221356
llama-4-maverick,intersectional,4.0032080214849397e-19,0.14828831072037035,0.6370545012977118,0.33391536237073066
llama-4-maverick,race,-9.462128050782583e-19,0.11859891360456293,0.5905131290873562,0.31009314198603705
