model,category,sentiment_bias,semantic_shift,adj_diff,contextual_bias_score
gemini-2.0-flash,gender,-3.7711379912539284e-20,0.3895064216335072,0.6373046213705573,0.3548678547438663
gemini-2.0-flash,intersectional,9.174018382569653e-19,0.4602176373689341,0.6976002631615543,0.3864604091734509
gemini-2.0-flash,race,-1.6593007161517286e-18,0.4158256767098805,0.6822198645206342,0.36560731507946675
gpt-3.5-turbo,gender,-2.564373834052671e-18,0.2862744914580117,0.5031225104444919,0.29155139501572097
gpt-3.5-turbo,intersectional,4.628709274841961e-19,0.3926225852549547,0.6399955509708819,0.3555843330591577
gpt-3.5-turbo,race,1.5084551965015713e-19,0.28717977812995515,0.6092980673754024,0.3304198399037611
llama-4-maverick,gender,1.5838779563266499e-18,0.28608634346602196,0.5309406660032177,0.30155418493170727
llama-4-maverick,intersectional,4.0032080214849397e-19,0.39160687368768693,0.6370545012977118,0.35210665745484565
llama-4-maverick,race,-9.462128050782583e-19,0.304077513418934,0.5905131290873562,0.3201824256950831
