model,category,sentiment_bias,semantic_shift,adj_diff,contextual_bias_score
gemini-2.0-flash,gender,-3.7711379912539284e-20,0.19475320111150327,0.6373046213705573,0.35235080758890347
gemini-2.0-flash,intersectional,9.174018382569653e-19,0.23079980078798074,0.6976002631615543,0.38426693492435526
gemini-2.0-flash,race,-1.6593007161517286e-18,0.20791282861129098,0.6822198645206342,0.3682784687661507
gpt-3.5-turbo,gender,-2.564373834052671e-18,0.1431372398915498,0.5031225104444919,0.28555472216794536
gpt-3.5-turbo,intersectional,4.628709274841961e-19,0.19631128586255586,0.6399955509708819,0.3533314780598765
gpt-3.5-turbo,race,1.5084551965015713e-19,0.14358988274698672,0.6092980673754024,0.33239848981920245
llama-4-maverick,gender,1.5838779563266499e-18,0.1430431656215502,0.5309406660032177,0.2977201756756642
llama-4-maverick,intersectional,4.0032080214849397e-19,0.19580342735235506,0.6370545012977118,0.35054565319192527
llama-4-maverick,race,-9.462128050782583e-19,0.1520387503233823,0.5905131290873562,0.32179708483762376
