model,category,sentiment_bias,semantic_shift,adj_diff,contextual_bias_score
gemini-2.0-flash,gender,-3.7711379912539284e-20,0.3367521102013795,0.6373046213705573,0.40205042577036015
gemini-2.0-flash,intersectional,9.174018382569653e-19,0.3535390691115306,0.6976002631615543,0.4272256788375977
gemini-2.0-flash,race,-1.6593007161517286e-18,0.3623416806044786,0.6822198645206342,0.4223285669637664
gpt-3.5-turbo,gender,-2.564373834052671e-18,0.23215653196625088,0.5031225104444919,0.31671147439409075
gpt-3.5-turbo,intersectional,4.628709274841961e-19,0.28078285977244377,0.6399955509708819,0.38289652892833725
gpt-3.5-turbo,race,1.5084551965015713e-19,0.2505234052305636,0.6092980673754024,0.3698252226884544
llama-4-maverick,gender,1.5838779563266499e-18,0.2830730676651001,0.5309406660032177,0.3467306413909067
llama-4-maverick,intersectional,4.0032080214849397e-19,0.33474548562214923,0.6370545012977118,0.39917537358635324
llama-4-maverick,race,-9.462128050782583e-19,0.3137615065683018,0.5905131290873562,0.37840004952334566
